Request Summary,Ask/Say,Cost,Text,Timestamp,Context tokens used,Total cost,Cline_Action,Tool_Used,Has_Images,Phase,Context_Percentage,Search_Term_In_Transcript,Cost_Notes,Time_Approx
"Task Request: I want you to execute this task but make sure each request is not too long, as you have made requests that give the error "": Input is too long for requested model""
 ""

This is the task:
=

These files are from three previous tasks on a different machine, are you able to parse the files so that I can see my task information and what commands I sent, what the contexts were and ideally the cost for each request! and a running total of cost","""say"": ""text""",,"I want you to execute this task but make sure each request is not too long, as you have made requests that give the error "": Input is too long for requested model""
 ""

This is the task:
=

These files are from three previous tasks on a different machine, are you able to parse the files so that I can see my task information and what commands I sent, what the contexts were and ideally the cost for each request! and a running total of cost",2025-07-22 10:48:12,,0.000000,"I want you to execute this task but make sure each request is not too long, as you have made request...",,No,Initial,,say_text_0,Has cost data,10:48
"API Request: {""request"":""<task>\nI want you to execute this task but make sure each request is not too long, as you have made requests that give the error \"": Input is too long for requested model\""\n \""\n\nThis is the task:\n=\n\nThese files are from three previous tasks on a different machine, are you able to parse the files so that I can see my task information and what commands I sent, what the contexts were and ideally the cost for each request! and a running total of cost\n</task>\n\n<environment_details>\n# VSCode Visible Files\n(No visible files)\n\n# VSCode Open Tabs\n(No open tabs)\n\n# Current Time\n7/22/2025, 10:48:13 AM (Australia/Brisbane, UTC+10:00)\n\n# Current Working Directory (/Users/emma/Projects/Mantel/AI) Files\n.DS_Store\ncache/\ncache/openrouter_models.json\ncheckpoints/\ncheckpoints/32807060/\nsettings/\nsettings/cline_mcp_settings.json\ntasks/\ntasks/.DS_Store\ntasks/1752622613050/\ntasks/1752622613050/api_conversation_history.json\ntasks/1752622613050/context_history.json\ntasks/1752622613050/task_metadata.json\ntasks/1752622613050/ui_messages.json\ntasks/1752640157585/\ntasks/1752640157585/api_conversation_history.json\ntasks/1752640157585/context_history.json\ntasks/1752640157585/task_metadata.json\ntasks/1752640157585/ui_messages.json\ntasks/1752642283776/\ntasks/1752642283776/api_conversation_history.json\ntasks/1752642283776/task_metadata.json\ntasks/1752642283776/ui_messages.json\n\n# Context Window Usage\n0 / 180K tokens used (0%)\n\n# Current Mode\nPLAN MODE\nIn this mode you should focus on information gathering, asking questions, and architecting a solution. Once you have a plan, use the plan_mode_respond tool to engage in a conversational back and forth with the user. Do not use the plan_mode_respond tool until you've gathered all the information you need e.g. with read_file or ask_followup_question.\n(Remember: If it seems the user wants you to use tools only available in Act Mode, you should ask the user to \""toggle to Act mode\"" (use those words) - they will have to manually do this themselves with the Plan/Act toggle button below. You do not have the ability to switch to Act Mode yourself, and must wait for the user to do it themselves once they are satisfied with the plan. You also cannot present an option to toggle to Act mode, as this will be something you need to direct the user to do manually themselves.)\n</environment_details>"",""tokensIn"":664,""tokensOut"":279,""cacheWrites"":10883,""cacheReads"":0,""cost"":0}","""say"": ""api_req_started""",,"{""request"":""<task>\nI want you to execute this task but make sure each request is not too long, as you have made requests that give the error \"": Input is too long for requested model\""\n \""\n\nThis is the task:\n=\n\nThese files are from three previous tasks on a different machine, are you able to parse the files so that I can see my task information and what commands I sent, what the contexts were and ideally the cost for each request! and a running total of cost\n</task>\n\n<environment_details>\n# VSCode Visible Files\n(No visible files)\n\n# VSCode Open Tabs\n(No open tabs)\n\n# Current Time\n7/22/2025, 10:48:13 AM (Australia/Brisbane, UTC+10:00)\n\n# Current Working Directory (/Users/emma/Projects/Mantel/AI) Files\n.DS_Store\ncache/\ncache/openrouter_models.json\ncheckpoints/\ncheckpoints/32807060/\nsettings/\nsettings/cline_mcp_settings.json\ntasks/\ntasks/.DS_Store\ntasks/1752622613050/\ntasks/1752622613050/api_conversation_history.json\ntasks/1752622613050/context_history.json\ntasks/1752622613050/task_metadata.json\ntasks/1752622613050/ui_messages.json\ntasks/1752640157585/\ntasks/1752640157585/api_conversation_history.json\ntasks/1752640157585/context_history.json\ntasks/1752640157585/task_metadata.json\ntasks/1752640157585/ui_messages.json\ntasks/1752642283776/\ntasks/1752642283776/api_conversation_history.json\ntasks/1752642283776/task_metadata.json\ntasks/1752642283776/ui_messages.json\n\n# Context Window Usage\n0 / 180K tokens used (0%)\n\n# Current Mode\nPLAN MODE\nIn this mode you should focus on information gathering, asking questions, and architecting a solution. Once you have a plan, use the plan_mode_respond tool to engage in a conversational back and forth with the user. Do not use the plan_mode_respond tool until you've gathered all the information you need e.g. with read_file or ask_followup_question.\n(Remember: If it seems the user wants you to use tools only available in Act Mode, you should ask the user to \""toggle to Act mode\"" (use those words) - they will have to manually do this themselves with the Plan/Act toggle button below. You do not have the ability to switch to Act Mode yourself, and must wait for the user to do it themselves once they are satisfied with the plan. You also cannot present an option to toggle to Act mode, as this will be something you need to direct the user to do manually themselves.)\n</environment_details>"",""tokensIn"":664,""tokensOut"":279,""cacheWrites"":10883,""cacheReads"":0,""cost"":0}",2025-07-22 10:48:12,7,0.000000,,,No,Initial,0%,say_api_req_started_1,Has cost data,10:48
,"""say"": ""checkpoint_created""",,,2025-07-22 10:48:13,,0.000000,,,No,Initial,,say_checkpoint_created_2,,10:48
,"""say"": ""text""",,"I can see that the user has three task directories in their `/Users/emma/Projects/Mantel/AI/tasks/` folder:
1. `1752622613050/`
2. `1752640157585/`
3. `1752642283776/`

Each directory contains JSON files that likely contain the task information, conversation history, and metadata. To help the user parse this information and extract task details, commands, contexts, and costs, I need to:

1. First examine the structure and content of these files to understand the data format
2. Then create a plan to parse and present the information in a useful way

Since I'm in PLAN MODE, I should gather information first by reading these files to understand their structure, then create a plan for parsing and presenting the data.

Let me start by examining one of the task directories to understand the file structure and content.

I can see you have three task directories with JSON files containing your previous task data. Let me examine the structure and content of these files to understand how to parse the task information, commands, contexts, and costs.",2025-07-22 10:48:19,,0.000000,I can see that the user has three task directories in their `/Users/emma/Projects/Mantel/AI/tasks/` ...,,No,Initial,,say_text_3,Has cost data,10:48
,"""ask"": ""tool""",,"{""tool"":""readFile"",""path"":""tasks/1752622613050/task_metadata.json"",""content"":""/Users/emma/Projects/Mantel/AI/tasks/1752622613050/task_metadata.json"",""operationIsLocatedInWorkspace"":true}",2025-07-22 10:48:20,,0.000000,,readFile,No,Initial,,ask__4,,10:48
User Input: please confirm how you are going to take the API error into account,"""say"": ""user_feedback""",,please confirm how you are going to take the API error into account,2025-07-22 10:48:44,,0.000000,,,No,Processing,,user_please_confirm_5,,10:48
,"""say"": ""checkpoint_created""",,,2025-07-22 10:48:44,,0.000000,,,No,Processing,,say_checkpoint_created_6,,10:48
"API Request: {""request"":""[read_file for 'tasks/1752622613050/task_metadata.json'] Result:\n\nThe user denied this operation.\n\nThe user provided the following feedback:\n<feedback>\nplease confirm how you are going to take the API error into account\n</feedback>\n\n<environment_details>\n# VSCode Visible Files\n(No visible files)\n\n# VSCode Open Tabs\n(No open tabs)\n\n# Current Time\n7/22/2025, 10:48:44 AM (Australia/Brisbane, UTC+10:00)\n\n# Context Window Usage\n11,826 / 180K tokens used (7%)\n\n# Current Mode\nPLAN MODE\nIn this mode you should focus on information gathering, asking questions, and architecting a solution. Once you have a plan, use the plan_mode_respond tool to engage in a conversational back and forth with the user. Do not use the plan_mode_respond tool until you've gathered all the information you need e.g. with read_file or ask_followup_question.\n(Remember: If it seems the user wants you to use tools only available in Act Mode, you should ask the user to \""toggle to Act mode\"" (use those words) - they will have to manually do this themselves with the Plan/Act toggle button below. You do not have the ability to switch to Act Mode yourself, and must wait for the user to do it themselves once they are satisfied with the plan. You also cannot present an option to toggle to Act mode, as this will be something you need to direct the user to do manually themselves.)\n</environment_details>"",""tokensIn"":12177,""tokensOut"":339,""cacheWrites"":0,""cacheReads"":10883,""cost"":0}","""say"": ""api_req_started""",,"{""request"":""[read_file for 'tasks/1752622613050/task_metadata.json'] Result:\n\nThe user denied this operation.\n\nThe user provided the following feedback:\n<feedback>\nplease confirm how you are going to take the API error into account\n</feedback>\n\n<environment_details>\n# VSCode Visible Files\n(No visible files)\n\n# VSCode Open Tabs\n(No open tabs)\n\n# Current Time\n7/22/2025, 10:48:44 AM (Australia/Brisbane, UTC+10:00)\n\n# Context Window Usage\n11,826 / 180K tokens used (7%)\n\n# Current Mode\nPLAN MODE\nIn this mode you should focus on information gathering, asking questions, and architecting a solution. Once you have a plan, use the plan_mode_respond tool to engage in a conversational back and forth with the user. Do not use the plan_mode_respond tool until you've gathered all the information you need e.g. with read_file or ask_followup_question.\n(Remember: If it seems the user wants you to use tools only available in Act Mode, you should ask the user to \""toggle to Act mode\"" (use those words) - they will have to manually do this themselves with the Plan/Act toggle button below. You do not have the ability to switch to Act Mode yourself, and must wait for the user to do it themselves once they are satisfied with the plan. You also cannot present an option to toggle to Act mode, as this will be something you need to direct the user to do manually themselves.)\n</environment_details>"",""tokensIn"":12177,""tokensOut"":339,""cacheWrites"":0,""cacheReads"":10883,""cost"":0}",2025-07-22 10:48:44,,0.000000,,,No,Processing,7%,say_api_req_started_7,Has cost data,10:48
,"""say"": ""text""",,,2025-07-22 10:48:51,,0.000000,,,No,Processing,,say_text_8,,10:48
,"""ask"": ""plan_mode_respond""",,"{""response"":""You're absolutely right to ask about the API error handling. Here's how I'll approach this to avoid the \""Input is too long for requested model\"" error:\n\n**My Strategy to Handle API Length Limits:**\n\n1. **Read files one at a time** - Instead of trying to read all files at once, I'll examine each JSON file individually to understand the structure first\n\n2. **Process in small chunks** - When parsing the data, I'll work with smaller portions of the conversation history rather than loading everything at once\n\n3. **Summarize progressively** - Rather than displaying all raw data, I'll extract and summarize key information like:\n   - Task descriptions\n   - Command summaries (not full command outputs)\n   - Cost totals (without full API response details)\n   - Context summaries (key points, not full conversation)\n\n4. **Create a structured output** - I'll build a concise report that focuses on the essential information you requested:\n   - Task overview for each of the 3 tasks\n   - Key commands executed\n   - Main context/goals\n   - Individual and total costs\n\n5. **Break into multiple responses if needed** - If the analysis is still too long, I can present the results for one task at a time\n\nWould you like me to proceed with this approach? I'll start by examining just the metadata files first to understand the structure, then gradually build up the analysis while keeping each request manageable in size."",""options"":[]}",2025-07-22 10:48:51,,0.000000,,,No,Processing,,ask__9,Has cost data,10:48
User Input: can you also check the size before sending?,"""say"": ""user_feedback""",,can you also check the size before sending?,2025-07-22 10:49:11,,0.000000,,,No,Processing,,user_can_you_10,,10:49
,"""say"": ""checkpoint_created""",,,2025-07-22 10:49:11,,0.000000,,,No,Processing,,say_checkpoint_created_11,,10:49
"API Request: {""request"":""[plan_mode_respond] Result:\n\n<user_message>\ncan you also check the size before sending?\n</user_message>\n\n<environment_details>\n# VSCode Visible Files\n(No visible files)\n\n# VSCode Open Tabs\n(No open tabs)\n\n# Current Time\n7/22/2025, 10:49:11 AM (Australia/Brisbane, UTC+10:00)\n\n# Context Window Usage\n23,399 / 180K tokens used (13%)\n\n# Current Mode\nPLAN MODE\nIn this mode you should focus on information gathering, asking questions, and architecting a solution. Once you have a plan, use the plan_mode_respond tool to engage in a conversational back and forth with the user. Do not use the plan_mode_respond tool until you've gathered all the information you need e.g. with read_file or ask_followup_question.\n(Remember: If it seems the user wants you to use tools only available in Act Mode, you should ask the user to \""toggle to Act mode\"" (use those words) - they will have to manually do this themselves with the Plan/Act toggle button below. You do not have the ability to switch to Act Mode yourself, and must wait for the user to do it themselves once they are satisfied with the plan. You also cannot present an option to toggle to Act mode, as this will be something you need to direct the user to do manually themselves.)\n</environment_details>"",""tokensIn"":12838,""tokensOut"":341,""cacheWrites"":0,""cacheReads"":10883,""cost"":0}","""say"": ""api_req_started""",,"{""request"":""[plan_mode_respond] Result:\n\n<user_message>\ncan you also check the size before sending?\n</user_message>\n\n<environment_details>\n# VSCode Visible Files\n(No visible files)\n\n# VSCode Open Tabs\n(No open tabs)\n\n# Current Time\n7/22/2025, 10:49:11 AM (Australia/Brisbane, UTC+10:00)\n\n# Context Window Usage\n23,399 / 180K tokens used (13%)\n\n# Current Mode\nPLAN MODE\nIn this mode you should focus on information gathering, asking questions, and architecting a solution. Once you have a plan, use the plan_mode_respond tool to engage in a conversational back and forth with the user. Do not use the plan_mode_respond tool until you've gathered all the information you need e.g. with read_file or ask_followup_question.\n(Remember: If it seems the user wants you to use tools only available in Act Mode, you should ask the user to \""toggle to Act mode\"" (use those words) - they will have to manually do this themselves with the Plan/Act toggle button below. You do not have the ability to switch to Act Mode yourself, and must wait for the user to do it themselves once they are satisfied with the plan. You also cannot present an option to toggle to Act mode, as this will be something you need to direct the user to do manually themselves.)\n</environment_details>"",""tokensIn"":12838,""tokensOut"":341,""cacheWrites"":0,""cacheReads"":10883,""cost"":0}",2025-07-22 10:49:11,,0.000000,,,No,Processing,13%,say_api_req_started_12,Has cost data,10:49
,"""say"": ""text""",,,2025-07-22 10:49:18,,0.000000,,,No,Processing,,say_text_13,,10:49
,"""ask"": ""plan_mode_respond""",,"{""response"":""Absolutely! Here's my refined approach that includes size checking:\n\n**Enhanced Strategy with Size Management:**\n\n1. **Pre-check file sizes** - I'll use `ls -la` or similar commands to check the size of each JSON file before reading it\n\n2. **Read strategically based on size**:\n   - Small files (< 50KB): Read completely\n   - Medium files (50-200KB): Read in sections or extract specific fields\n   - Large files (> 200KB): Use targeted searches to extract only essential data\n\n3. **Monitor context window usage** - I can see the current context usage in the environment details (currently at 13%), so I'll track this as I work\n\n4. **Implement progressive disclosure**:\n   - Start with metadata files (likely smallest)\n   - Then examine conversation history files selectively\n   - Extract cost information efficiently without loading full API responses\n\n5. **Size validation before responses** - Before sending any large analysis, I'll estimate the token count and break it into smaller chunks if needed\n\n6. **Create a lightweight summary format** - Focus on extracting just the key data points you need:\n   - Task titles/descriptions (brief)\n   - Command count and types (not full outputs)\n   - Cost figures only\n   - Key context points (summarized)\n\nThis way, I can provide you with the essential information while staying well within API limits. Should I proceed with this size-conscious approach?"",""options"":[]}",2025-07-22 10:49:18,,0.000000,,,No,Processing,13%,ask__14,Has cost data,10:49
"API Request: {""request"":""[plan_mode_respond] Result:\n\n[The user has switched to ACT MODE, so you may now proceed with the task.]\n\n<environment_details>\n# VSCode Visible Files\n(No visible files)\n\n# VSCode Open Tabs\n(No open tabs)\n\n# Current Time\n7/22/2025, 10:49:24 AM (Australia/Brisbane, UTC+10:00)\n\n# Context Window Usage\n24,062 / 180K tokens used (13%)\n\n# Current Mode\nACT MODE\n</environment_details>"",""tokensIn"":13304,""tokensOut"":149,""cacheWrites"":0,""cacheReads"":10883,""cost"":0}","""say"": ""api_req_started""",,"{""request"":""[plan_mode_respond] Result:\n\n[The user has switched to ACT MODE, so you may now proceed with the task.]\n\n<environment_details>\n# VSCode Visible Files\n(No visible files)\n\n# VSCode Open Tabs\n(No open tabs)\n\n# Current Time\n7/22/2025, 10:49:24 AM (Australia/Brisbane, UTC+10:00)\n\n# Context Window Usage\n24,062 / 180K tokens used (13%)\n\n# Current Mode\nACT MODE\n</environment_details>"",""tokensIn"":13304,""tokensOut"":149,""cacheWrites"":0,""cacheReads"":10883,""cost"":0}",2025-07-22 10:49:24,,0.000000,,,No,Processing,13%,say_api_req_started_15,Has cost data,10:49
,"""say"": ""text""",,"Now I'm in ACT MODE and can proceed with the task. I need to parse the three task directories to extract task information, commands, contexts, and costs. Let me start by checking the file sizes first to understand what I'm working with, then read the files strategically.

I'll start by checking the sizes of the files in each task directory to plan my approach.

I'll start by checking the file sizes to plan my approach for parsing the task data without hitting API limits.",2025-07-22 10:49:30,,0.000000,Now I'm in ACT MODE and can proceed with the task. I need to parse the three task directories to ext...,,No,Processing,,say_text_16,Has cost data,10:49
,"""ask"": ""command""",,ls -la tasks/*/,2025-07-22 10:49:30,,0.000000,,,No,Processing,,ask__17,,10:49
,"""ask"": ""command_output""",,"The command's output could not be captured due to some technical issue, however it has been executed successfully. Here's the current terminal's content to help you get the command's output:

emma@Emmas-MBP AI % ls -la tasks/*/
tasks/1752622613050/:
total 5344
drwxr-xr-x@ 6 emma  staff      192 Jul 22 10:03 .
drwxr-xr-x@ 6 emma  staff      192 Jul 22 10:03 ..
-rw-r--r--@ 1 emma  staff  1277506 Jul 22 10:03 api_conversation_history.json
-rw-r--r--@ 1 emma  staff     4821 Jul 22 10:03 context_history.json
-rw-r--r--@ 1 emma  staff     5934 Jul 22 10:03 task_metadata.json
-rw-r--r--@ 1 emma  staff  1441593 Jul 22 10:03 ui_messages.json

tasks/1752640157585/:
total 2872
drwxr-xr-x@ 6 emma  staff     192 Jul 22 10:03 .
drwxr-xr-x@ 6 emma  staff     192 Jul 22 10:03 ..
-rw-r--r--@ 1 emma  staff  628850 Jul 22 10:03 api_conversation_history.json
-rw-r--r--@ 1 emma  staff    1125 Jul 22 10:03 context_history.json
-rw-r--r--@ 1 emma  staff    5423 Jul 22 10:03 task_metadata.json
-rw-r--r--@ 1 emma  staff  823674 Jul 22 10:03 ui_messages.json

tasks/1752642283776/:
total 672
drwxr-xr-x@ 5 emma  staff     160 Jul 22 10:03 .
drwxr-xr-x@ 6 emma  staff     192 Jul 22 10:03 ..
-rw-r--r--@ 1 emma  staff  153185 Jul 22 10:03 api_conversation_history.json
-rw-r--r--@ 1 emma  staff    2454 Jul 22 10:03 task_metadata.json
-rw-r--r--@ 1 emma  staff  181423 Jul 22 10:03 ui_messages.json",2025-07-22 10:49:40,,0.000000,,,No,Processing,,ask__18,,10:49
,"""say"": ""shell_integration_warning""",,,2025-07-22 10:49:40,,0.000000,,,No,Processing,,say_shell_integration_warning_19,,10:49
,"""say"": ""checkpoint_created""",,,2025-07-22 10:49:40,,0.000000,,,No,Processing,,say_checkpoint_created_20,,10:49
,"""ask"": ""api_req_failed""",,"{""message"":""400 Budget has been exceeded! Current cost: 3500.0305283399975, Max budget: 3500"",""status"":400,""code"":""400"",""modelId"":""global-claude-4.0-sonnet"",""providerId"":""litellm"",""details"":{""message"":""Budget has been exceeded! Current cost: 3500.0305283399975, Max budget: 3500"",""type"":""budget_exceeded"",""param"":null,""code"":""400""}}",2025-07-22 10:49:41,,0.000000,,,No,Processing,,ask__21,Has cost data,10:49
,"""ask"": ""resume_task""",,,2025-07-22 13:56:05,,0.000000,,,No,Processing,,ask__22,,13:56
